-- Sensible default id types
INSERT INTO id_types (
	id_type
) VALUES
	('Student'),
	('Staff'),
	('Teacher');

-- Sensible default batches
INSERT INTO batches (
	name
) VALUES
	('BBA : Batch 12'),
	('BBA : Batch 13'),
	('BBA : Batch 14'),
	('BBA : Batch 15'),
	('BBA : Batch 16'),
	('BBA : Batch 17'),
	('BBA : Batch 17, 2076'),
	('BBA : Batch 18, 2077'),
	('BBA : Batch 19, 2078'),
	('BBA : Batch 20, 2079'),
	('BBM : Batch 1, 2075'),
	('BBM : Batch 2, 2076'),
	('BBM : Batch 3, 2077'),
	('BBM : Batch 4, 2078'),
	('BBM : Batch 5, 2079'),
	('BBS : Batch 10'),
	('BBS : Batch 11'),
	('BBS : Batch 12'),
	('BBS : Batch 13'),
	('BBS : Batch 14'),
	('BBS : Batch 15'),
	('BBS : Batch 15, 2076'),
	('BBS : Batch 16, 2077'),
	('BBS : Batch 17, 2078'),
	('BBS : Batch 18, 2079'),
	('BBS : Batch 19, 2080'),
	('BBS : Batch 20, 2081'),
	('BCA : Batch 1, 2075'),
	('BCA : Batch 2, 2076'),
	('BCA : Batch 3, 2077'),
	('BCA : Batch 4, 2078'),
	('BCA : Batch 5, 2079'),
	('BIM : Batch 14'),
	('BIM : Batch 15'),
	('BIM : Batch 16'),
	('BIM : Batch 17'),
	('BIM : Batch 18'),
	('BIM : Batch 19'),
	('BIM : Batch 19, 2076'),
	('BIM : Batch 20, 2077'),
	('BIM : Batch 21, 2078'),
	('BIM : Batch 22, 2079'),
	('BScCSIT : 2071'),
	('BScCSIT : 2072'),
	('BScCSIT : 2073'),
	('BScCSIT : 2074'),
	('BScCSIT : 2075'),
	('BScCSIT : 2076'),
	('BScCSIT : 2077'),
	('BScCSIT : 2078'),
	('BScCSIT : 2079'),
	('BScCSIT : 2080'),
	('BscCsit : Batch 11, 2076'),
	('Management : Batch 15, 2072'),
	('Management : Batch 16, 2073'),
	('Management : Batch 17, 2074'),
	('Management : Batch 18, 2075'),
	('Management : Batch 19, 2076'),
	('Management : Batch 20, 2077'),
	('Management : Batch 21, 2078'),
	('Management : Batch 22, 2079'),
	('Management : Batch 23, 2080'),
	('MBS : Batch 2, 2076'),
	('MBS : Batch 3, 2078'),
	('MBS : Batch 4, 2079'),
	('MBS: Batch 1,2075'),
	('Science : Batch 10, 2071'),
	('Science : Batch 11, 2072'),
	('Science : Batch 12, 2073'),
	('Science : Batch 12, 2073'),
	('Science : Batch 13, 2074'),
	('Science : Batch 14, 2075'),
	('Science : Batch 15, 2076'),
	('Science : Batch 16, 2077'),
	('Science : Batch 17, 2078'),
	('Science : Batch 18, 2079'),
	('Science : Batch 19, 2080');

-- Sensible default books
INSERT INTO books (
	code,
	title,
	author,
	publisher
) VALUES
	('AA', 'A PRATICAL BOOK OF ACCOUNTANCY AND AUDITING', 'DHAKAL, RAM KRISHNA | SHAKYA, SHREE RATNA | SINGH, RAKESH | SHAH, GAURI | JHA, SHIVA', 'OXFORD PUBLISHERS AND DISTRIBUTORS'),
	('AAA', 'ACCOUNTANCY AND AUDITING', 'LIMBU, Y.B.', 'RATNA PUSTAK BHANDAR'),
	('AAV1', 'ADVANCED ACCOUNTANCY VOL 1', 'MAHESHWARI, SN | MAHESHWARI, SK', 'VIKAS PUBLISHING HOUSE PVT LTD'),
	('AC', 'SURYA,S ADVANCED CHEMISTRY', 'YADAV, AMAR PRASAD | JHA, VINAT KUMAR', 'SURYA PUBLICATIONS'),
	('ACFP', 'ANNOTATED CHECKLIST OF THE FLOWERING PLANTS OF NEPAL', 'PRESS, J.R. | SHRESTHA, K.K. | SUTTON, D.A.', 'THE NATURAL HISTORY MISEUM'),
	('ADC', 'ANMOL DICTIONARY OF CHEMISTRY', 'KAUSHIK, R.K. | YADAV, M.S.', 'ANMOL PUBLICATIONS PVT.LTD'),
	('AET', 'ANELEMENTARY ECONOMIC THEORY', 'PANERU, SURENDRA', 'BUDDHA ACADEMIC PUBLISHERS AND DISTRIBUTORS PVT. LTD.'),
	('AG', 'ALGEBRA AND GEOMETRY', 'M.B.SINGH', 'THE TRIBHUVAN UNIVERSITY PRESS'),
	('AKS', 'AAMA KO SAPANA', 'GOPAL PRASAD RIMAL', 'SANJHA PRAKASHAN'),
	('ALP', 'IBM PC ASSEMBLY LANGUAGE AND PROGRAMMING', 'ABEL, PETER', 'PEARSON EDUCATION ASIA'),
	('ANI', 'ANIMALS', 'DISCOVERY CHANNEL', 'POPULAR PRAKASHAN'),
	('APC', 'ADVANCED PHYSICAL CHEMISTRY', 'RAJ, GURDEEP', 'KRISHNA PRAKASHAN MEDIA(P) LTD'),
	('BBB', 'BANASPATI BIGYAN BOTANY', 'N.N. SINGH', 'NEW BUILDING LAKHNAU'),
	('BCA', 'A BASIC COURSE IN ACCOUNTANCY', 'DANGOL, RATNA MAN | KOIRALA, SHALIK RAM | KHADKA, AJAYA KUMAR | RAI, ISHWOR MAN', 'TALEJU PRAKASHAN'),
	('BCA2', 'A BASIC COURSES IN ACCOUNTANCY XII', 'DANGOL, RATNA MAN | KOIRALA, SHALIK RAM', 'TALEJU PUSTAK BITARAK'),
	('BD', 'BOTANY', 'DUTTA, A.C.', 'OXFORD UNIVERSITY PRESS'),
	('BEN', 'BUSINESS ENVIRONMENT IN NEPAL', 'SHRESTHA, DURGESH KUMAR | PRASAD, GOVINDA', 'DHAULAGIRI BOOKS AND STATIONERY'),
	('BHM', 'A BOOK ON HOTEL MANAGEMENT', 'OLI, GOPAL SINGH | CHHETRI,B B', 'SHREE NEPAL EDUCATION M.P. PVT. LTD'),
	('BHMB', 'A BOOK ON HOTEL MANAGEMENT', 'OLI, GOPAL SINGH | CHHERI, B.B.', 'BUDDHA ACADEMIC PUBLISHERS AND DISTRIBUTORS PVT. LTD.'),
	('BL', 'BEYOND LOYALTY', 'CHENET, PIERRE | JOHANSEN, JON IVAR', 'PRENTICE-HALL OF INDIA PRIVATE LIMITED'),
	('BM2', 'BASIC MATHEMATICS GRADE XII', 'BAJRACHARYA, D.R.', 'SUKUNDA PUSTAK'),
	('BMN2', 'BASIC MATHEMATICS GRADE: XII', 'BAJRACHARYA, D.R. | SHRESHTHA, R.M. | SINGH, M.B. | STHAPIT, Y.R. | BAJRACHARYA, B.C.', 'SUKUNDA PUSTAK BHAWAN'),
	('BN', 'BIRDS OF NEPAL', 'STAHR, ELVIS J', 'NATURE HIMALAYAS'),
	('BNR', 'BATTLES OF THE NEW REPUBLIC', 'PRASHANT JHA', 'ALEPH BOOK COMPANY'),
	('BOM', 'BUSINESS ORGANIZATION AND MANAGEMENT', 'SHRESTHA, KUL NARSINGH', 'NABIN PRAKASHAN'),
	('BPCA', 'BASIC PRICIPLES OF COST ACCOUNTING', 'SHRESTHA, BISHWESHWOR MAN', 'M.K. PUBLISHERS AND DISTRIBUTORS BHOTAHITY, KATHMANDU'),
	('BR', 'BASANTI', 'RANA DAIMOND SHAMSHER', 'RATNA PUSTAK BHANDAR'),
	('BSS', 'BUSINESS STUDIES', 'SHARMA, M. C.', 'S.CHAND AND COMPANY LTD'),
	('BSP1', 'BUSINESS STUDIES', 'PRASAD, NARESH PRASAD | RANJIT, KUMAR KIRAN | JOSHI, RUPENDRA | SHARMA, NARAD PRASAD', 'ACHIEVERS, KATHMANDU'),
	('BS1', 'BUSINESS STUDIES-I GRADE XI', 'PANT, PREM R.', 'BUDDHA PUBLICATION'),
	('BS2', 'BUSINESS STUDIES GRADE XII', 'PANT, HEM R. | GAUTAM, ISHWOR | PANDEY, L P | THAPA, RAJAN BIKRAM | UPADHYAY, PRADYUMNA', 'BUDDHA PUBLICATION'),
	('BSB', 'BUSINESS STATISTICS', 'BAJRACHARYA, B.C.', 'M.K.PUBLISHERS AND DISTRIBUTORS'),
	('BSK', 'BITIYA SUDHAR KARYA DAL, 2059 KO PRATIBEDAN', '', ''),
	('BSPPM', 'BUSINESS STUDIES PRINCIPLES AND PRACTICE OF MANAGEMENT', 'GUPTA, O.P. | JAIN, S.K.', 'VIKAS PUBLISHING HOUSE PVT LTD'),
	('BV', 'BIOLOGY XI', 'VERMA, P.S. | PANDEY, B.P.', 'S.CHAND AND COMPANY LTD'),
	('CAM', 'COMMERCIAL ACCOUNT', 'MUNAKARMI, SHIVA PRASAD', 'EDUCATIONAL ENTERPRISE (P) LTD.'),
	('CAJ', 'COST ACCOUNTING', 'JAIN, S.P. | NARANG, K.L.', 'KALYANI PUBLISHERS'),
	('CAK', 'COST ACCOUNTING', 'KHAN, M Y | JAIN, P.K.', 'TATA MCGRAW-HILL PUBLISHING COMPANTY LIMITED'),
	('CAPB', 'CLIFFS AP BIOLOGY', 'PACK, PHILLIP E.', 'WILEY DREAMTECH INDIA PVT. LTD.'),
	('CAPC', 'CLIFFS AP CHEMISTRY', 'THORPE, GARY', 'WILEY DREAMTECH INDIA PVT. LTD.'),
	('CB', 'CONCEPTS OF BIOLOGY (FOR CLASS XI)', 'MAJUPURIA, TRILOK CHANDRA | KUMAR ROHIT', 'M.DEVI, LASHKAR'),
	('CBB', 'A CLASS BOOK OF BOTANY', 'DUTTA, A.C.', 'OXFORD UNIVERSITY PRESS'),
	('CBV2', 'COLLEGE BOTANY VOLUME II', 'GANGULEE, HIRENDRA CHANDRA | KAR, ASOK KUMAR', 'NEW CENTRAL BOOK AGENCY(P) LTD'),
	('CC', 'COLLEGE CHEMISTRY', 'A.D.MISHRA | ARUN KUMAR SHARMA | THAM NATH ADHIKARI | GIRIJA ARYAL | KHADKA BAHADUR PAL', 'AYAM PUBLICATIONS'),
	('CCG', 'CHEMICAL CALCULATIONS', 'GHOSH, A.K.', 'VIJAY BHAGAT'),
	('CCM', 'COMPUTER', 'MAHESH BIKRAM SHAH', 'FINEPRINT'),
	('CCS', 'COLLEGE CHEMISTRY', 'SHARMA KUMAR ARUN', 'AYAM PUBLICATION AND DISTRIBUTORS PVT.LTD.'),
	('CCWK1', 'COMPREHENSIVE CHEMISTRY PART -1', 'WAGLEY, PROF. DR. P | LAMA, PC | BHATTARAI, BR | SHARMA, RK | GAUTAM, SD | KHADKA, NM | PANT, M | ADHIKARI, NR', 'KALA BOOKS CENTER PUBLISHER &amp; DISTRIBUTORS'),
	('CCWH1', 'COMPREHENSIVE CHEMISTRY PART -1', 'WAGLEY, PROF. DR. P | LAMA, PC | BHATTARAI, BR | SHARMA, RK | GAUTAM, SD | KHADKA, NM | PANT, M | ADHIKARI, NR', 'HAJURKO PRAKASHAN'),
	('CCG1', 'COMPREHENSIVE CHEMISTRY PART -1', 'GAUTAM, SD | PANT, M | ADHIKARI, NR', 'HERITAGE PUBLISHERS AND DISTRIBUTOR'),
	('CCW2', 'COMPREHENSIVE CHEMISTRY PART -2', 'WAGLEY, PROF. DR. P | LAMA, PC | BHATTARAI, BR | SHARMA, RK | GAUTAM, SD | KHADKA, NM | PANT, M | ADHIKARI, NR', 'HAJURKO PRAKASHAN'),
	('CFG', 'COACHING FOR GROWTH', 'BOLT, PETER', 'PRENTICE-HALL OF INDIA PRIVATE LIMITED'),
	('CG', 'COMPREHENSIVE', 'GAUTAM SD', 'HERITAGE PUBLISHER AND DISTRIBUTOR'),
	('CG2', '+2 CHEMISTRY VOL.1', 'CHAULAGAIN, MANI RAJ / B.C., TEJ BAHADUR', 'BHRIKUTI PUSTAK'),
	('CMN', 'CAPITAL MARKET IN NEPAL', 'SAPKOTA, PRAKASH CHANDRA', 'CAPITAL MARKET RESEARCH AND DEVELOPMENT P.LTD'),
	('COMC', 'COMPUTER CONCEPT CLASS X', 'KHANAL, R.C.', 'EKTA BOOKS DISTRIBUTORS PVT. LTD'),
	('CONP2', 'CONCEPTUAL PHYSICS FOR CLASS XII', 'SHRESTHA G.B.', 'MANICHUD PRAKASHAN'),
	('CONPJ2', 'CONCEPTUAL PHYSICS FOR CLASS XII', 'JAIN, S.K.', 'S.CHAND AND COMPANY LTD.'),
	('CP1', 'CONCEPTS OF PHYSICS PART 1', 'VERMA, H C', 'BHARATI BHAWAN'),
	('CP2', 'CONCEPTS OF PHYSICS PART 2', 'VERMA, H C', 'BHARATI BHAWAN'),
	('CPB', 'COMPUTER PROGRAMMING IN BASIC', 'MYERS, DAVID L. | ELSWICK, VALARIE A. | HOPFENSPERGER, PATRICK W. | PAVLOVICH, JOSEPH P.', 'HOUGHTAN MIFFLIN COMPANY'),
	('CTB11', 'A COMPLETE TEXTBOOK OF BIOLOGY CLASS XI', 'K.R.MEHTA', 'SATYAL');

-- Sensible default copies
INSERT INTO copies (
	register_id,
	book_id
) VALUES
	('14257', '1'),
	('14260', '2'),
	('14262', '2'),
	('14263', '3'),
	('14258', '5'),
	('14259', '6'),
	('14267', '2'),
	('14268', '2'),
	('14270', '3'),
	('14274', '7'),
	('14275', '7');

-- Sensible default users
INSERT INTO users (
	id_type_id,
	id_num,
	name,
	password_hashed
) VALUES
	(2, 'admin', 'The Admin', '$2a$12$Bj1pvYfZ5iVyD1l80vPbhe0syRpHGWIFnycu4UwFRmm5XOftqHwsK'),
	(1, '20-00031-5', 'Safal Piya', '$2a$12$wqhDYurmZ4cbGvylxq.kx..UFU2ZZ1j6nXSrg8tLnPZpDUuR8seGC'),
	(1, '20-00032-5', 'Raj Bahadur', '$2a$12$wqhDYurmZ4cbGvylxq.kx..UFU2ZZ1j6nXSrg8tLnPZpDUuR8seGC'),
	(1, '20-00033-5', 'Ravi Shankar', '$2a$12$wqhDYurmZ4cbGvylxq.kx..UFU2ZZ1j6nXSrg8tLnPZpDUuR8seGC'),
	(1, '20-00034-5', 'Suraj Kumar', '$2a$12$wqhDYurmZ4cbGvylxq.kx..UFU2ZZ1j6nXSrg8tLnPZpDUuR8seGC');

INSERT INTO profiles (
	user_id
) VALUES
	(1),
	(2),
	(3),
	(4),
	(5);

UPDATE profiles
SET batch_id = 49
WHERE user_id = 2;

UPDATE profiles
SET batch_id = 38
WHERE user_id = 3;

UPDATE profiles
SET batch_id = 49
WHERE user_id = 4;

UPDATE profiles
SET batch_id = 54
WHERE user_id = 5;

-- Sensible default reservations
INSERT INTO reservations (
	book_id,
	user_id
) VALUES
	(23, 2),
	(28, 2);

-- Sensible default transactions
INSERT INTO transactions (
	transaction_type,
	copy_id,
	user_id,
	created_at
) VALUES
	('borrow', 1, 2, '2022-04-22 07:08:10'),
	('return', 1, 2, '2022-05-12 12:10:32'),
	('borrow', 2, 2, '2022-09-24 09:11:06'),
	('borrow', 3, 2, '2022-10-19 10:13:03'),
	('borrow', 4, 2, '2022-11-10 09:02:10'),
	('return', 2, 2, '2023-01-21 10:09:10'),
	('return', 3, 2, '2023-02-10 12:32:00'),
	('borrow', 5, 2, '2023-02-14 09:07:00'),
	('borrow', 6, 2, '2023-02-15 14:25:00');

INSERT INTO borrows (
	copy_id,
	user_id
) VALUES
	(4, 2),
	(5, 2),
	(6, 2);

INSERT INTO transactions (
	transaction_type,
	copy_id,
	user_id,
	created_at
) VALUES
	('borrow', 1, 4, '2023-02-14 07:08:10');

INSERT INTO borrows (
	copy_id,
	user_id,
	created_at
) VALUES
	(1, 4, '2023-02-14 07:08:10');

INSERT INTO transactions (
	transaction_type,
	copy_id,
	user_id,
	created_at
) VALUES
	('borrow', 4, 5, '2022-02-20 02:05:12'),
	('borrow', 5, 5, '2023-02-14 07:08:10');

INSERT INTO borrows (
	copy_id,
	user_id,
	created_at
) VALUES
	(4, 5, '2022-02-20 02:05:12'),
	(5, 5, '2023-02-14 07:08:10');
